{
	"indexOfFaceToAttach" : 4,
	"shapeParameters":
	{
		"length" :
		{
			"meshChanges":
			[
				{
					"changeType": "move",
					"indicesOfVerticesAffected": [1, 3, 5, 7, 8, 9, 10, 11, 12, 13, 14,15, 16, 17, 18, 19, 20, 21, 22, 23, 24, 25, 26, 27, 28, 29, 30, 31, 32, 33, 34, 35],
					"changeVector" : {"x":0,"y":0,"z":20}				
				}
			]
		},
		"width" :
		{
			"meshChanges":
			[
				{
					"changeType": "scale",
					"indicesOfVerticesAffected": [20, 21, 22, 23, 24, 25, 26, 27, 28, 29, 30, 31, 32, 33, 34, 35],
					"changeVector" : {"x":3,"y":3,"z":0}				
				}
			]
		} 		
	}
}